metabolite_key,assay,best_label,name,inchikey,kegg,chebi,n_samples_present,Confidence Score,Entropy Similarity,target_score
C18_negative|IK:NGFMICBWJRZIBI-UHFFFAOYSA-N,C18_negative,"beta-D-Glucopyranoside, 2-(hydroxymethyl)phenyl","beta-D-Glucopyranoside, 2-(hydroxymethyl)phenyl",NGFMICBWJRZIBI-UHFFFAOYSA-N,nan,,105,0.9990315580086422,0.51504374,130.13106856017285
C18_positive|IK:UWHCKJMYHZGTIT-UHFFFAOYSA-N,C18_positive,Tetraethylene Glycol,Tetraethylene Glycol,UWHCKJMYHZGTIT-UHFFFAOYSA-N,nan,44920.0,105,0.9977089821763176,0.54936,130.44777964352633
C18_positive|IK:HSEMFIZWXHQJAE-UHFFFAOYSA-N,C18_positive,Hexadecanamide,Hexadecanamide,HSEMFIZWXHQJAE-UHFFFAOYSA-N,nan,74475.0,105,0.9974565903425004,0.7400722,132.34985380685
C18_positive|IK:CZMRCDWAGMRECN-UGDNZRGBSA-N,C18_positive,Sucrose,Sucrose,CZMRCDWAGMRECN-UGDNZRGBSA-N,C00089,17992.0,105,0.9962358568425224,0.85550976,133.47981473685044
C18_positive|IK:FATBGEAMYMYZAF-KTKRTIGZSA-N,C18_positive,Oleamide,Oleamide,FATBGEAMYMYZAF-KTKRTIGZSA-N,nan,116314.0,105,0.988865897756423,0.7376113,132.15343095512847
C18_positive|IK:SLXKOJJOQWFEFD-UHFFFAOYSA-N,C18_positive,6-Ammoniohexanoate,6-Ammoniohexanoate,SLXKOJJOQWFEFD-UHFFFAOYSA-N,C02378,16586.0,105,0.986180698679166,0.58963484,130.61996237358332
C18_positive|IK:NGFMICBWJRZIBI-UHFFFAOYSA-N,C18_positive,"beta-D-Glucopyranoside, 2-(hydroxymethyl)phenyl","beta-D-Glucopyranoside, 2-(hydroxymethyl)phenyl",NGFMICBWJRZIBI-UHFFFAOYSA-N,nan,,105,0.864612378400865,0.39130554,126.2053029680173
C18_positive|IK:UAUDZVJPLUQNMU-KTKRTIGZSA-N,C18_positive,Erucamide,Erucamide,UAUDZVJPLUQNMU-KTKRTIGZSA-N,nan,142245.0,105,0.7927098687689493,0.74954885,128.34968587537898
C18_negative|IK:RHBSLIMVGWKFQW-UHFFFAOYSA-N,C18_negative,"1-(2,4-Dihydroxyphenyl)-2-(4-Ethylphenoxy)Ethanone","1-(2,4-Dihydroxyphenyl)-2-(4-Ethylphenoxy)Ethanone",RHBSLIMVGWKFQW-UHFFFAOYSA-N,nan,,105,0.7642536823690065,0.39169854,124.20205904738013
HILICZ_positive|IK:RGHMISIYKIHAJW-UHFFFAOYSA-N,HILICZ_positive,"3,4-Dihydroxymandelic acid","3,4-Dihydroxymandelic acid",RGHMISIYKIHAJW-UHFFFAOYSA-N,C05580,27637.0,104,0.9995449022867984,0.50437206,129.03461864573597
HILICZ_positive|IK:CZMRCDWAGMRECN-UGDNZRGBSA-N,HILICZ_positive,Sucrose,Sucrose,CZMRCDWAGMRECN-UGDNZRGBSA-N,C00089,17992.0,104,0.9989477942009368,0.37602532,127.73920908401874
C18_positive|IK:XPCTZQVDEJYUGT-UHFFFAOYSA-N,C18_positive,Maltol,Maltol,XPCTZQVDEJYUGT-UHFFFAOYSA-N,C11918,69438.0,104,0.9937920620090956,0.6522392,130.39823324018192
C18_positive|IK:RGHHSNMVTDWUBI-UHFFFAOYSA-N,C18_positive,4-Hydroxybenzaldehyde,4-Hydroxybenzaldehyde,RGHHSNMVTDWUBI-UHFFFAOYSA-N,C00633,17597.0,104,0.9880825859844168,0.6741705,130.50335671968833
HILICZ_negative|IK:WHUUTDBJXJRKMK-VKHMYHEASA-N,HILICZ_negative,(2S)-2-azaniumyl-5-hydroxy-5-oxopentanoate,(2S)-2-azaniumyl-5-hydroxy-5-oxopentanoate,WHUUTDBJXJRKMK-VKHMYHEASA-N,C00025,16015.0,104,0.9781522620751996,0.7714807,131.277852241504
C18_positive|IK:SDEUJZQQWGXEEM-UHFFFAOYSA-N,C18_positive,"8-(2,3-Dihydroxy-3-methylbutyl)-5,7-dimethoxy-2-phenyl-2,3-dihydrochromen-4-one","8-(2,3-Dihydroxy-3-methylbutyl)-5,7-dimethoxy-2-phenyl-2,3-dihydrochromen-4-one",SDEUJZQQWGXEEM-UHFFFAOYSA-N,nan,,104,0.7569237802333278,0.38365313,122.97500690466656
C18_positive|IK:RCFGIEPQSDGMJJ-UHFFFAOYSA-N,C18_positive,CID 13989914,CID 13989914,RCFGIEPQSDGMJJ-UHFFFAOYSA-N,nan,,104,0.6880377727874027,0.70474404,124.80819585574805
HILICZ_positive|IK:OTBHHUPVCYLGQO-UHFFFAOYSA-N,HILICZ_positive,Norspermidine,Norspermidine,OTBHHUPVCYLGQO-UHFFFAOYSA-N,C03375,16841.0,104,,0.84467196,112.4467196
C18_positive|IK:YHGNXQAFNHCBTK-OWOJBTEDSA-N,C18_positive,3-Hexenedioic acid,3-Hexenedioic acid,YHGNXQAFNHCBTK-OWOJBTEDSA-N,nan,86952.0,103,0.9997762026408776,0.3628869,126.62439305281755
HILICZ_negative|IK:HDTRYLNUVZCQOY-LIZSDCNHSA-N,HILICZ_negative,Trehalose,Trehalose,HDTRYLNUVZCQOY-LIZSDCNHSA-N,C01083,16551.0,103,0.9735979050922094,0.7614881,130.0868391018442
C18_negative|IK:ROJOJPXRGHLGTC-UHFFFAOYSA-N,C18_negative,"1-(2-Hydroxy-4,6-dimethoxyphenyl)-2-(4-methoxyphenyl)ethanone","1-(2-Hydroxy-4,6-dimethoxyphenyl)-2-(4-methoxyphenyl)ethanone",ROJOJPXRGHLGTC-UHFFFAOYSA-N,nan,,103,0.8392788215642019,0.30497453,122.83532173128404
C18_negative|IK:SMUMBCREXHTKFN-VZOUQOBNSA-N,C18_negative,hydrangeifolin I,hydrangeifolin I,SMUMBCREXHTKFN-VZOUQOBNSA-N,nan,,103,0.7975791581226072,0.59737575,124.92534066245214
C18_positive|IK:LGRFSURHDFAFJT-UHFFFAOYSA-N,C18_positive,Phthalic anhydride,Phthalic anhydride,LGRFSURHDFAFJT-UHFFFAOYSA-N,nan,,102,0.9988516982037278,0.69356924,128.91272636407456
C18_negative|IK:WCGUUGGRBIKTOS-GPOJBZKASA-N,C18_negative,Ursolic Acid,Ursolic Acid,WCGUUGGRBIKTOS-GPOJBZKASA-N,C08988,9908.0,102,0.9981035904399072,0.44212744,126.38334620879814
C18_negative|IK:FTVWIRXFELQLPI-ZDUSSCGKSA-N,C18_negative,Naringenin,Naringenin,FTVWIRXFELQLPI-ZDUSSCGKSA-N,C00509,17846.0,102,0.7943578343850111,0.43813035,122.26846018770023
C18_negative|IK:CZDNLUMNELLDDD-QZFWYPLZSA-N,C18_negative,Salicortin,Salicortin,CZDNLUMNELLDDD-QZFWYPLZSA-N,nan,,101,0.9898972266438352,0.69677037,127.7656482328767
HILICZ_negative|IK:KDYFGRWQOYBRFD-UHFFFAOYSA-N,HILICZ_negative,Succinic Acid,Succinic Acid,KDYFGRWQOYBRFD-UHFFFAOYSA-N,C00042,15741.0,100,0.9526917058785884,0.8984661,128.03849511757176
C18_negative|IK:GEYBMYRBIABFTA-UHFFFAOYSA-N,C18_negative,2-Azaniumyl-3-(4-methoxyphenyl)propanoate,2-Azaniumyl-3-(4-methoxyphenyl)propanoate,GEYBMYRBIABFTA-UHFFFAOYSA-N,nan,,99,0.9997136500112512,0.3399,122.39327300022502
C18_positive|IK:OTKJDMGTUTTYMP-UHFFFAOYSA-N,C18_positive,"2-Aminooctadecane-1,3-diol","2-Aminooctadecane-1,3-diol",OTKJDMGTUTTYMP-UHFFFAOYSA-N,nan,,99,0.995039892914944,0.40343294,122.93512725829889
HILICZ_positive|IK:BZORFPDSXLZWJF-UHFFFAOYSA-N,HILICZ_positive,"N,N-Dimethyl-p-benzenediamine","N,N-Dimethyl-p-benzenediamine",BZORFPDSXLZWJF-UHFFFAOYSA-N,C04203,15783.0,99,,0.42291996,103.2291996
C18_positive|IK:CZDNLUMNELLDDD-QZFWYPLZSA-N,C18_positive,Salicortin,Salicortin,CZDNLUMNELLDDD-QZFWYPLZSA-N,nan,,98,0.9789115395765406,0.7030144,124.60837479153082
